0.021451268,0.082403354,0.483704627,
0.016634718,-0.013487980,0.329906434,
-0.092720270,0.170354009,1.004859924,
-0.143930927,0.014753371,0.744497776,
-0.005285372,-0.068900429,0.836878300,
-0.006378968,0.081025355,0.360131234,
0.050555609,0.015613983,0.288366497,
0.022943024,0.013119033,0.414857596,
-0.101252519,0.018698182,0.724226475,
0.083598331,-0.007675677,0.721693099,
-0.010441232,-0.014496549,0.573014736,
-0.063760228,0.114438534,0.495061606,
-0.002576569,-0.022321794,0.414050549,
-0.123027034,0.059788711,0.776437998,
0.051361028,0.070742890,0.333308548,
0.043027099,-0.021120874,1.081316948,
-0.036336545,0.021932397,0.677219570,
0.017666481,-0.004599190,0.401622444,
0.026656199,-0.016081177,0.361225724,
0.050869245,0.136500552,0.803544283,
0.063691385,0.058020256,0.305457532,
0.019470513,0.066949733,0.298208326,
0.045271028,0.063307978,0.302858919,
0.007626546,0.084257469,0.396007419,
0.026921609,0.069604918,0.436997801,
0.046243750,0.069703706,0.487790823,
-0.045235161,-0.007077361,0.648520112,
0.069725484,0.065104917,0.541375339,
0.032258280,0.025153948,0.379772246,
0.060959011,-0.004898341,0.442389607,
-0.115036309,0.125541121,0.970798194,
0.043659192,0.005630720,0.292790055,
-0.107773870,0.105591454,0.912579000,
0.007438776,-0.015881252,0.557411909,
0.024629777,0.027770506,0.381303400,
0.064529002,0.018133644,0.421214730,
0.044120293,-0.038874894,0.443844736,
0.053400222,-0.022589954,0.433419347,
0.057816863,-0.050865427,0.711770236,
0.056052681,0.051027808,0.478609711,
0.038673244,-0.017539827,0.490642548,
0.030966807,-0.034870040,0.487720013,
0.051078610,0.002768385,0.819287956,
0.016740430,0.067950197,0.294528425,
0.026570287,0.090159282,0.516758561,
-0.023156615,-0.048007481,0.622830927,
0.026563551,0.090150990,0.517179966,
0.077742703,0.167165428,0.884651661,
0.054165043,-0.060287043,0.712647140,
-0.013119723,0.086528741,0.364882916,
-0.031598806,0.082140006,0.354694933,
0.077264048,-0.005914520,0.701335371,
0.032205287,0.067103013,0.399681658,
-0.243402421,-0.157179981,1.970517278,
0.037677404,0.074084021,0.478825778,
-0.097022526,-0.040880173,0.679075480,
-0.097662665,0.000886132,0.576019526,
0.015381145,-0.022530211,0.516201973,
0.017373644,0.089395143,0.496851683,
-0.110564679,-0.045221359,0.756633043,
-0.080663644,0.004477975,0.661838531,
-0.190139845,0.101666048,0.846919596,
0.004604517,0.041323144,0.240320593,
0.007509956,0.006281376,0.142893180,
0.013016807,-0.030619768,0.560186923,
-0.014812139,-0.032848787,0.609606385,
0.019472556,0.062157404,0.597755790,
0.053889271,0.072541684,0.361689091,
0.009441283,0.010621353,0.145477116,
0.021445455,-0.042208880,0.537659407,
-0.053101715,-0.030763939,0.691008329,
-0.025643848,-0.056001019,0.645324290,
-0.215017229,0.131188050,1.203265429,
0.062360089,0.069017515,0.579327822,
0.017381050,0.008107877,0.153581277,
0.025334883,0.013636174,0.187482372,
-0.001526681,-0.049508408,0.560105145,
0.041700397,0.119534753,0.916423500,
-0.056628350,0.089719638,0.346722007,
0.061239172,-0.025905656,0.394703120,
0.018945027,-0.016808217,0.530958891,
0.035579123,-0.021555725,0.504819870,
-0.099498838,-0.061419301,0.761378646,
-0.098978058,-0.061255332,0.748244464,
-0.101805493,-0.050671138,0.685345054,
-0.333185852,0.600289583,1.881314397,
-0.117859885,0.047375951,0.549399495,
-0.102749437,-0.051276948,0.691142142,
-0.102807932,-0.051308863,0.691613019,
-0.125297636,0.026065700,0.842839956,
-0.111963451,0.125258401,0.964619517,
0.135629132,0.076990746,1.013457179,
-0.100827992,0.031540569,0.909265578,
-0.113258906,0.099695936,0.938778877,
-0.068498902,0.072757952,0.907200217,
-0.094885439,0.192105874,0.934758842,
-0.134572178,0.132338524,0.919612586,
0.036104683,0.326273710,0.972180307,
0.020424847,0.310400069,0.960324287,
0.089795433,0.076969624,0.956112266,
0.131609306,0.042912666,0.876669407,
-0.121246904,-0.021497466,0.828438818,
0.016891122,0.110837899,0.898087800,
0.018569697,0.085204601,0.723464668,
-0.057526264,0.136319846,0.895555675,
-0.073657662,0.081217363,0.895355225,
-0.107372791,0.103288293,0.940343916,
-0.110416599,0.092903666,0.957833052,
-0.004462673,0.080308028,0.714899719,
0.042804848,0.060610913,0.763466537,
0.063411728,0.073568195,1.036071897,
-0.152194053,0.150411606,0.950684011,
-0.133474216,0.166790605,0.955006719,
-0.000084050,0.085995093,0.816282451,
-0.113435566,0.162148222,0.973222136,
0.147813439,0.055312656,1.055246949,
0.011534419,0.251968980,0.962575257,
-0.125172034,0.163811624,0.966718674,
0.085807070,0.052004762,0.809726179,
0.078133136,0.040313717,0.643385530,
-0.103157222,0.122663297,0.975459576,
-0.094499931,0.108081095,0.941252410,
0.064731896,0.079388529,0.933651507,
0.032192200,0.099317364,0.984012127,
-0.149150521,0.162128627,0.944906294,
-0.083699733,0.145410731,0.979644001,
0.020199407,0.082508422,0.856582344,
-0.107525960,0.040102687,0.884264648,
-0.125177652,0.154334441,0.980850577,
0.118168689,0.074059770,0.948997259,
0.119814694,0.069104150,0.971038699,
-0.110074244,0.073912412,0.854797244,
-0.083510533,0.137156427,0.976342440,
0.080961183,0.002299243,0.878206015,
-0.123410411,0.010600246,0.832920015,
0.179525867,0.047454022,0.903660059,
-0.017913572,0.049072552,0.938044548,
0.006719336,0.013362486,0.885230482,
-0.082042664,-0.032286715,0.514542401,
0.184377715,-0.047514684,0.784770668,
-0.011581202,0.106971927,0.855397105,
-0.114567280,0.012195293,0.835671127,
-0.107468881,0.059767049,0.838928044,
0.040294021,-0.022226771,0.528181732,
-0.096311323,0.170016378,0.960877120,
-0.045810863,0.009591459,0.886385143,
-0.197147578,0.060314242,0.751664340,
0.003941550,0.078354254,0.607298374,
-0.090769753,0.171305612,0.975963712,
0.062541321,-0.003406321,0.403049499,
0.188764945,0.112471782,0.812549591,
-0.118345924,0.039902683,0.869501948,
-0.115346067,0.016879806,0.845941484,
0.235879645,0.015626855,0.919005215,
0.037399173,0.114416763,0.896179140,
-0.078621410,0.077983543,0.916644156,
0.111390725,0.071204506,0.901030064,
0.081874870,0.084607609,0.981323957,
0.063268863,-0.038776830,0.832893074,
-0.158475325,0.033147506,0.643951297,
0.091993086,0.000974693,0.360369325,
0.007180532,0.085973419,0.849363148,
0.261857778,0.105667219,1.032334805,
-0.122694597,0.054563455,0.893374026,
0.090354055,-0.062642239,0.658858359,
-0.124676012,0.163605720,0.965115488,
-0.006864621,-0.036327932,1.055179596,
-0.151601568,0.150139898,0.945818007,
0.111206122,0.051844787,0.755163074,
0.137636125,0.072880305,0.992691815,
-0.134445757,0.134956256,0.964434028,
-0.119156547,0.127009973,0.954421580,
-0.049808409,0.108205363,0.948147535,
-0.191067234,0.172185987,0.927843511,
-0.213419348,0.211434707,0.903756678,
0.185045257,0.058353059,1.010375381,
0.146267802,0.059561554,0.959531248,
0.091408387,0.034963489,0.929197729,
0.176256508,0.047491334,0.885594368,
-0.125724867,-0.025285510,0.806150734,
0.006224344,0.015296716,0.709779382,
-0.165316135,0.221776724,0.944797516,
0.031522978,-0.040610954,0.500688136,
-0.100294091,0.099256165,0.940463245,
-0.158918947,0.040675048,0.676485956,
0.057617508,-0.023945360,0.726071417,
-0.124227501,0.135539278,0.967369556,
-0.118736394,0.135716841,0.992418587,
0.092466488,-0.014555379,0.737150908,
-0.135074914,0.165553898,0.975618303,
-0.130602226,0.150920242,0.900868118,
-0.108257644,0.089108646,0.943185031,
-0.071968235,0.117085926,0.989387155,
0.045731347,0.324858963,0.955215693,
0.133509800,-0.088756733,0.802492857,
0.066671185,-0.064687975,0.978375793,
0.062066223,0.075195350,0.906164885,
-0.119367957,0.064556025,0.894211948,
0.015432560,-0.026257699,0.510131836,
0.116260871,0.072199672,0.934717178,
0.053779304,0.056422271,0.982543945,
-0.068667322,0.122035488,0.975883663,
0.049738463,0.312769443,1.062493682,
0.057334989,0.278232843,0.978304327,
0.076420791,0.053626429,1.198969841,
0.052806173,0.019212898,1.005935788,
0.009491904,0.003515190,0.205175444,
0.011714246,0.008047816,0.287860006,
0.028213242,0.081245765,0.939118385,
-0.031482585,0.010994816,0.741586149,
-0.184033304,0.041608494,0.753809750,
-0.015389024,-0.012959872,0.271409243,
0.003074168,0.075395495,0.621487021,
-0.129719079,0.073802412,0.631455421,
0.057464756,0.111671925,0.840862572,
-0.208031163,0.071364872,0.865043163,
-0.249487609,0.083076775,1.024617553,
-0.076754682,0.168863133,0.879770696,
-0.004950260,0.138737366,0.991937459,
0.090615362,0.057984695,1.048087478,
0.073914394,0.062054642,1.116278648,
-0.001378475,-0.016157802,0.584584713,
-0.170819014,-0.077269226,1.173920274,
-0.015156994,-0.045273162,0.649341524,
-0.027329365,-0.002727451,0.582191706,
-0.119583249,0.015659142,0.931658030,
-0.058099598,0.070588857,0.860472918,
0.002864961,0.132137805,0.904820919,
-0.199028686,0.198921084,0.846341848,
0.147687465,0.190808520,0.925088167,
-0.084337078,0.129984230,1.019473195,
-0.088607959,0.148548961,0.975084126,
0.137248412,0.072630785,0.997017086,
-0.069628119,0.073234715,0.911000311,
-0.113253780,0.037759986,0.829085588,
-0.114479825,0.085015431,0.888099313,
-0.002206960,0.072203085,0.627050281,
-0.131845742,-0.061492845,0.820065498,
0.025540106,0.077468522,0.740834951,
0.016869465,0.079065628,0.770448923,
0.135345563,0.063129939,0.976150155,
0.120798044,0.073800258,0.960270822,
0.126593143,0.066024698,0.891449630,
0.060159154,-0.088129587,0.987563014,
0.059004650,-0.098698236,1.007303238,
-0.124688052,0.114317007,0.943947434,
-0.120336115,0.125576004,0.923928142,
0.006310306,0.075775914,0.676465511,
-0.065819986,0.197752386,0.938808501,
-0.132224530,0.164658621,0.950237274,
0.038445212,0.327524990,1.029979110,
0.040789928,0.298720777,1.014912844,
-0.141565785,0.022339882,0.712064862,
-0.109932661,0.060487188,0.844415665,
-0.135286197,0.009524105,0.899379313,
-0.005183089,0.257556140,1.112681508,
0.004298079,0.105790779,0.695314169,
-0.053955574,0.189030915,0.917250574,
-0.167027995,0.172978178,0.864981472,
0.060973763,0.286437690,1.013725877,
0.163006201,0.132923350,0.813231230,
0.163979694,0.208764121,1.027829766,
0.181854680,0.227507815,1.141364336,
-0.135795370,0.168205366,0.968480825,
-0.105942436,0.041238651,0.879170716,
-0.112822764,0.082344659,0.874268174,
0.066239305,0.080315091,0.989831030,
0.041748803,0.300770611,1.018101096,
0.023759359,0.271301508,1.032483697,
0.016104331,0.072115421,0.615643084,
0.019762328,0.094452918,1.001378536,
0.136708617,0.075062841,1.053431392,
-0.057204485,0.127162635,0.948364794,
-0.116315238,0.016274666,0.853611648,
-0.115377806,0.010365756,0.778789341,
0.007873394,0.081415996,0.795336366,
0.000761101,0.080528595,0.722050607,
0.007071757,0.275683701,1.032870173,
-0.138509408,0.138383970,0.942985058,
0.159561768,0.048093658,0.851719856,
-0.154626861,0.152504891,0.956005514,
0.155472204,0.196901217,0.970390499,
0.042718835,0.301601350,1.028728008,
0.055719551,0.284928828,1.000024676,
0.015724095,0.069178589,0.592526913,
0.130638540,0.069392063,0.933678389,
-0.072417364,0.124338791,1.005176425,
-0.090355039,0.148244590,0.994834363,
-0.217075422,0.094119817,1.013057590,
-0.112574801,0.060506299,0.856866002,
0.131355792,0.069893107,0.947577477,
0.042469695,0.069843218,0.648554385,
0.092657804,0.079364844,1.102737546,
0.035786264,0.323307037,1.006918311,
0.028795894,0.260847300,1.006346107,
-0.115586057,0.162803203,0.974404097,
-0.002947412,0.121889584,0.862914622,
0.007750699,-0.015923137,0.294325799,
0.058396336,0.118230730,1.126950741,
-0.032432850,-0.006608046,0.628576219,
-0.029876195,-0.021693617,0.497819602,
0.014626533,-0.034358926,0.500649214,
-0.032889780,-0.095228128,0.968289793,
-0.013152665,-0.002052978,0.250681907,
0.102155700,-0.090238146,1.060868502,
-0.018176854,-0.077336170,0.910957456,
0.058552954,-0.052282173,0.844120443,
0.026227642,-0.047107454,0.487835824,
-0.146655396,-0.070482887,0.924196124,
-0.001099001,0.119126327,1.009216547,
0.089028880,0.057286393,0.896509409,
0.050480556,0.094096221,0.951820195,
0.049965225,0.071173348,0.743127108,
-0.088565484,0.032486707,0.890082121,
0.054163005,0.119432881,0.908625185,
0.059539489,0.073719412,0.851647258,
0.016142415,-0.039896883,0.651232243,
0.040928286,-0.055096403,0.674409091,
-0.056518406,0.126937985,0.941164553,
0.130159736,0.023032175,0.921935201,
-0.116219498,0.087627955,0.900431633,
0.023325261,0.073187426,0.673021495,
-0.012218863,-0.037339780,0.624412119,
-0.078292154,0.059443235,1.013810873,
-0.007158359,0.007550500,0.202329412,
0.010098805,-0.020652562,0.526026666,
-0.004004554,-0.025088079,0.588578820,
-0.082987204,0.011922978,1.184455991,
0.093652204,-0.043937571,0.803073645,
-0.119322456,0.141013041,0.977112234,
0.068102553,0.078834236,1.089535236,
-0.126505673,-0.025716674,0.812641978,
-0.091826111,0.178712219,0.957930326,
0.013146736,-0.011886315,0.387343049,
0.109456614,0.071103990,0.964842796,
-0.074859723,0.074656852,0.878911495,
-0.061665773,0.070401788,0.860959828,
-0.050265566,0.106758729,0.935664296,
-0.114685036,-0.015326303,0.824216247,
-0.165854141,0.088888444,0.788095891,
-0.174912721,0.161580428,0.848906159,
-0.170154855,0.149844721,0.790077388,
0.056624245,0.072014481,0.841689765,
-0.138701245,0.083861724,0.670430839,
0.152223229,0.061369713,1.003152370,
-0.107505769,0.100530878,0.927817643,
-0.189375490,0.189339310,0.963109851,
-0.065715998,0.147252142,0.994526148,
0.028030043,0.083196700,0.838172793,
0.034944039,0.064280897,0.588713944,
-0.003836322,0.220745400,0.937890232,
0.086438514,0.088107303,0.959042728,
0.051979110,0.076392606,0.977308869,
0.037814446,0.171728984,1.058170438,
0.055258617,0.272655100,0.951122761,
-0.064554617,0.069838747,0.854558110,
-0.118936464,0.153911233,1.116997361,
-0.111199282,0.128325388,1.003761292,
-0.119815543,0.155971035,1.126907229,
-0.105701573,0.131512716,0.972363532,
-0.034708135,0.104472250,0.955515265,
-0.083892696,0.104045928,0.867548823,
-0.111860141,0.063078731,0.861505389,
-0.127214521,0.026109893,0.842557132,
0.146399423,0.186646163,0.915219486,
0.063305944,0.076906703,1.001320362,
-0.066668801,0.121481515,0.973014176,
0.013431898,0.028960863,0.420598119,
-0.106333598,0.123073161,0.576316237,
0.004465349,0.084772445,0.564357996,
0.029891966,0.054038599,0.520289361,
0.065277070,0.040035818,0.456245214,
0.069737911,0.047728527,0.508620739,
0.065040901,0.033379663,0.421415478,
0.067762509,0.035931740,0.442945361,
0.052977130,0.026306445,0.516306579,
0.071933754,0.036914583,0.455603600,
-0.115812443,0.171390727,0.960013807,
-0.101626620,0.084770225,0.893474758,
0.024766121,0.069239683,0.773966074,
0.044809632,-0.003859693,0.496653616,
-0.085978009,0.151125491,0.975444198,
-0.053502351,0.134554774,0.671266794,
-0.122370064,0.175594106,0.996236205,
0.030861611,0.057256252,0.537817299,
-0.130157724,0.070245020,0.812885702,
-0.127599731,0.170690820,0.967716634,
0.015302883,-0.034800664,0.529699326,
0.021320447,-0.000437523,0.450971246,
-0.121128075,0.177178994,0.938507915,
-0.103621691,0.110314995,0.533205748,
0.109338120,0.037612535,0.537143946,
-0.103581011,0.085013419,0.898514450,
-0.084096819,0.144165084,0.974641204,
0.028656514,0.007642264,0.522821605,
-0.174706250,0.119223878,1.074254513,
0.025977191,0.033646729,0.439417094,
-0.006699381,-0.015726633,0.866838574,
-0.153295904,0.162351772,0.803462565,
-0.132460341,0.145818040,0.928364098,
-0.117774442,0.048622616,0.887123168,
-0.095369682,0.121508986,0.979634285,
-0.022953516,0.130923271,0.765076756,
0.085617967,0.045418009,0.561318457,
0.113321036,0.037915874,0.555726945,
0.053309023,0.068201587,0.800322533,
0.096149690,0.032957450,0.477866918,
-0.101396143,0.129586399,0.987507820,
0.089874201,0.011301642,0.605245173,
-0.114544876,0.054030161,0.914024055,
0.080694929,-0.025614249,0.935543239,
0.002275398,0.005004849,0.874706328,
0.103071615,0.047154680,0.866002560,
-0.081902169,-0.025267875,0.707741976,
0.046845838,0.021154096,0.478363901,
-0.090341061,0.122284576,1.000133157,
0.102945819,0.054206263,0.737487435,
0.017111009,0.124761917,0.432416588,
0.011000466,0.128767475,0.438087136,
0.094209678,0.035739906,0.486723095,
-0.015746897,0.011440562,0.610119462,
0.001235294,0.079163440,0.544673383,
-0.128220573,0.117453627,0.951702595,
-0.090839677,0.147493243,0.972587168,
0.043287057,0.072214454,0.758614779,
0.078069784,-0.075385548,1.148591876,
-0.117265992,0.048537895,0.885995388,
-0.118602812,0.141091764,0.974925697,
-0.108521774,0.031477712,0.516889691,
-0.094054475,-0.111063451,1.237874150,
-0.153642535,0.142380297,0.947920382,
-0.007881643,0.064412057,0.633758843,
-0.122436218,0.150012061,0.957614362,
-0.091157094,0.119643129,0.952305317,
-0.103247613,0.130294442,0.997231603,
-0.096032321,0.079133466,0.857046187,
-0.150700182,0.163026795,0.950857103,
-0.021201866,0.014018831,0.501365423,
-0.032096472,-0.085940242,1.032783866,
-0.115403473,0.012275960,0.852443874,
0.107650027,0.069740847,0.985432327,
-0.116102368,0.091298774,0.989338398,
0.100927532,0.066811107,0.925279677,
0.074314192,0.037726190,0.475304693,
-0.099914551,0.150853634,0.973589540,
-0.016538095,-0.036628101,0.849443376,
-0.074796885,0.082006320,0.904033124,
0.043496732,0.007936630,0.876964331,
-0.144795284,0.139019862,0.714889765,
-0.071974322,-0.078906864,0.841363430,
-0.002227408,0.020181973,0.585120261,
0.055430178,0.086794503,0.875645876,
0.115756325,0.044622209,0.822155237,
-0.151777357,0.149951592,0.922349989,
-0.129492566,0.066372775,0.620774388,
0.100985587,0.084663130,0.920501292,
-0.145182103,0.151075155,0.932615161,
0.063105524,-0.083398812,1.032131076,
0.015472610,-0.073230475,0.894189239,
-0.123695612,-0.004187183,0.821754515,
-0.152725726,0.096507944,0.739275396,
-0.118481979,0.106794298,0.996668816,
-0.027087694,0.054532968,0.792997658,
-0.119543299,-0.017273242,0.854744017,
-0.079059444,-0.037411105,0.800445616,
0.064651258,-0.008965700,0.741337240,
-0.025175598,-0.001615647,0.455920458,
0.019145673,0.089873455,0.804106474,
-0.129838035,0.078073449,0.969883204,
-0.091023482,0.132644400,0.958008707,
-0.051907051,-0.001933499,0.681768477,
-0.074449398,0.080514781,0.887547493,
0.034015995,0.058850847,0.611409843,
-0.065164320,0.146754190,0.996779621,
-0.001706878,-0.024751883,0.854885638,
0.049601417,-0.068615898,0.820832610,
0.049218081,-0.092953391,0.913846731,
-0.043835849,-0.022952907,0.938301325,
-0.181132659,-0.099308141,1.292247891,
-0.072887175,0.044774096,0.803258359,
0.032050215,-0.006298114,0.508775592,
0.060047738,0.038597278,0.431574732,
0.055564366,0.041915990,0.442726612,
0.042602602,0.020880548,0.487159163,
0.043831766,0.020930011,0.465180904,
0.067556873,0.046478927,0.498671949,
0.005874006,0.118561663,0.539697230,
-0.115842126,0.001007913,0.788914502,
0.036434531,0.114069432,0.729244411,
-0.072895445,0.030273519,0.862951696,
0.050653011,0.027590713,0.881007969,
-0.104863867,0.122701399,0.979572952,
0.057902645,0.067227267,0.921938777,
-0.155803040,-0.076766074,0.988407731,
0.133897051,0.042254288,0.886647999,
-0.061965369,0.038616128,0.781866550,
-0.107310668,0.102277346,0.935934424,
-0.033528507,0.117054753,0.538196862,
-0.110423610,0.117199309,0.569042206,
0.110618949,-0.048846450,0.795536757,
0.061011478,-0.008216413,0.446743608,
-0.058980979,0.071894437,0.872464955,
-0.144570857,0.158805132,0.920787036,
-0.105500452,0.049778756,0.858851314,
0.014503319,0.062293004,0.537216485,
0.033016399,0.051051386,0.505364597,
0.067529768,0.046748597,0.497436166,
0.037871130,0.047252689,0.521968365,
0.031666342,0.054241978,0.561448455,
-0.153041348,0.071582846,0.949577451,
0.036581721,-0.009126747,0.443326712,
-0.066216126,0.035154138,0.806586921,
-0.097714394,0.097533427,0.925956130,
-0.088559829,0.004216140,0.808609366,
-0.051566795,0.037214544,0.657116413,
0.055129711,-0.003553649,0.410558641,
-0.119943358,0.122706838,0.608099639,
-0.108670384,0.165420935,0.957378626,
0.049696300,0.024407836,0.426747799,
0.019958004,-0.025065994,0.549252808,
-0.139150023,0.094099730,0.668863118,
0.007564791,0.085615255,0.915418267,
-0.017035346,0.092614122,0.933088183,
0.062075432,-0.039627410,0.537863195,
-0.135940418,0.018281300,0.954060972,
-0.058754180,0.009620572,0.769000649,
-0.098546483,0.106697179,0.912591934,
0.054783981,0.009375557,1.083689928,
-0.148316219,0.026641957,0.773013353,
-0.019190434,0.114330627,0.668912172,
-0.120694444,0.075600319,0.739524305,
-0.013089786,0.109470874,0.512379110,
0.043235704,0.021019252,0.491206437,
-0.072705925,0.091129631,0.796531498,
0.026143057,0.065023728,0.520606160,
0.051255181,0.049284838,0.462677747,
0.027454330,0.067268841,0.535446405,
-0.129627183,0.136354670,0.860615075,
-0.133175671,0.142556354,0.981512606,
-0.002698950,0.061321255,0.570874035,
-0.122404024,0.086919993,0.934457481,
0.010726542,0.052893441,1.079453945,
-0.126708910,0.129654691,0.954228640,
0.046404406,0.002980853,0.492700100,
-0.121110409,0.033373173,0.894087553,
-0.184303194,-0.058207460,1.210199118,
-0.001730320,0.019889358,0.574261546,
-0.107914172,0.097050458,0.985660970,
-0.098015510,0.107825160,0.596479595,
-0.047702663,0.120037220,0.808781981,
-0.125565931,0.061831221,0.606094182,
-0.151827559,0.149245977,0.946697176,
-0.018388292,0.105142102,0.586184800,
0.047863558,0.019049151,0.459603548,
0.038390741,0.011926922,0.415462047,
-0.101926513,0.167046338,0.963823259,
0.028707627,0.060128454,0.521593392,
0.030610597,0.055599179,0.530413389,
0.045921009,0.050599299,0.443956584,
-0.096359536,0.070836231,0.857319474,
-0.075211100,0.123925962,0.958214641,
-0.139585346,0.163039252,0.961693943,
0.003802636,0.047559921,0.592648745,
-0.060146526,0.105828650,0.928468049,
-0.151450142,0.143921658,0.905625939,
0.040711097,0.000347138,0.447077781,
-0.104820170,0.085394792,0.918763399,
-0.119961001,-0.045435935,0.785641670,
-0.067389779,0.073816657,0.851409078,
0.039138734,-0.029841015,0.511278152,
0.022332130,-0.004307369,0.489524335,
0.082731314,0.048480853,0.581043720,
-0.083610848,0.183191493,0.930258930,
-0.082292818,0.096422665,0.462795079,
-0.120021269,0.049702056,0.783313215,
-0.107040249,0.021521410,0.706050992,
0.031143239,0.014823965,0.532517254,
-0.036848202,0.021739922,0.294228256,
0.024438834,0.065225542,0.377322823,
0.015334866,0.056583446,0.568034768,
-0.139431119,0.044341754,0.709788620,
0.058945987,0.039118059,0.433303624,
-0.045767307,0.116971239,0.551370621,
-0.052967768,0.067080393,0.823211133,
-0.016214125,0.102518849,0.602335632,
-0.006325258,0.070338577,0.588186026,
-0.050447084,0.112719044,0.539362490,
-0.154579669,0.141324103,0.926308036,
-0.015799658,0.101176217,0.596659541,
-0.054618958,0.034410752,0.778996766,
0.038394123,-0.014252180,0.473349869,
-0.084143855,-0.028326632,0.695880115,
-0.066508040,0.153618842,0.793986440,
-0.150021002,0.139146194,0.935951710,
-0.134312525,0.067489505,0.663798034,
0.034677003,-0.016272478,0.454530090,
-0.131056160,0.123656988,0.689742446,
-0.025705049,0.004413141,0.628613472,
0.028290333,0.051412400,0.531759501,
-0.111534521,0.031470388,0.578517497,
-0.109861918,0.030887881,0.572729707,
-0.124749042,0.153902784,0.975546181,
-0.100381389,0.067199983,0.800940692,
0.002334340,0.041398022,0.555765390,
-0.086957924,0.103747956,0.491874188,
-0.053218946,0.136787564,0.684087992,
0.070701756,-0.104524478,1.172681928,
0.002285029,0.079917267,0.395870239,
-0.072929807,0.114015408,0.916575551,
0.017178485,0.108654663,0.570292115,
-0.128941417,0.159498528,0.925176322,
0.022530271,-0.076847456,1.037679195,
-0.145321980,-0.036322612,0.887361407,
0.101534650,0.024497483,0.815348089,
0.056804910,0.027434248,0.826494694,
-0.006490532,-0.028899593,0.593096852,
-0.041439265,-0.057847183,0.584152639,
-0.083377637,-0.015820973,0.543201983,
-0.066518404,0.096288674,0.812835336,
-0.085936584,0.128292009,0.979223430,
-0.050707657,0.113827005,0.543553650,
-0.090601347,0.167918339,0.960081279,
-0.038226295,-0.025944099,0.589729011,
0.027587183,0.060929090,0.517676830,
-0.117728658,-0.034175847,0.807976782,
0.035272554,0.056430984,0.526171744,
0.028638523,0.051194161,0.534983695,
0.019314827,0.052797802,0.545498252,
0.033360917,0.052876677,0.508836508,
-0.115213737,0.045987453,0.912305832,
-0.090424269,0.137602061,0.701409042,
-0.099033885,0.078677453,0.845003128,
-0.048942953,0.128550574,0.651624918,
-0.127889380,0.128026932,0.673590899,
-0.031279795,0.006129886,0.518351614,
0.018087540,0.071532622,0.610955477,
-0.097259291,0.068061784,0.795789778,
-0.100174256,-0.040189829,0.920469463,
-0.085686706,0.188918740,0.961469531,
-0.002350430,0.074365079,0.630919755,
-0.025191680,0.108039476,0.523074985,
-0.020463677,0.037614521,0.658385336,
-0.073599376,-0.006367854,0.848116457,
0.044817291,0.002770724,0.481403440,
0.025107613,0.006625975,0.492199063,
0.032819614,0.065177672,0.608557940,
-0.011137173,0.000661755,0.581521571,
-0.113476492,-0.002491738,0.815993309,
-0.114916600,0.069145828,0.894961298,
-0.142422736,0.168248206,0.954451978,
-0.076857440,0.024249759,0.810279667,
-0.125140801,0.070264995,0.612783372,
-0.040603612,0.115423366,0.589323819,
-0.113902703,0.131405413,0.969311833,
0.001844477,0.061215732,0.558810890,
-0.085987687,0.098986715,0.475019485,
-0.084796987,0.100079410,0.482386261,
-0.027552767,0.001850866,0.576395810,
-0.126466274,0.017784905,0.916620851,
0.073869623,0.036453497,0.448066890,
-0.089792550,0.003331974,0.811392725,
-0.046182815,0.122606598,0.630063832,
-0.010813732,-0.002020173,0.264124095,
0.024098139,0.001487780,0.276230782,
-0.138042837,0.081472240,0.820966363,
0.004801265,0.015401577,0.245776147,
0.018063005,-0.016639959,0.517559707,
0.004963861,0.007603535,0.215535432,
0.050895538,0.038658220,0.366312414,
-0.127796680,0.186774164,0.982739747,
-0.116800696,0.165552795,0.991647542,
0.045576096,0.054415911,0.473288089,
-0.129079685,0.139221147,0.920935631,
-0.111910962,0.160055399,0.946966231,
-0.132156104,-0.051448002,0.844332039,
0.002964467,0.034355093,0.567978621,
-0.051043604,0.025088830,0.792858422,
-0.098605826,0.161904275,0.984013200,
-0.136309206,0.012376065,0.788325191,
0.044595629,0.069059975,0.484975368,
-0.087011889,0.130868047,0.992969573,
-0.115563028,-0.003520238,0.831352830,
0.004363096,0.084255844,0.560184836,
-0.075166486,0.082402624,0.911396921,
0.016695736,0.068606198,0.602853835,
-0.001683594,0.019249061,0.553113401,
-0.091035172,0.028473286,0.906994760,
-0.048625745,0.067324638,0.635911703,
-0.047061726,0.130164251,0.640968621,
-0.093265004,0.152427480,1.150354266,
-0.140058011,0.153529614,1.033155560,
0.036235806,0.064767621,0.451689750,
-0.147192627,0.109770849,0.793198049,
0.019168202,0.055005725,0.543744266,
0.021873312,0.064112037,0.563480198,
-0.154190153,0.142413959,0.948958814,
-0.159868926,-0.055347912,1.001438260,
-0.094765671,0.140794471,0.968748271,
-0.110782020,-0.029674239,0.929422915,
-0.113984108,0.017592819,0.834331810,
-0.118801139,0.018786335,0.596450388,
-0.125943124,0.012660205,0.616508961,
0.058961742,0.053363357,0.509654760,
-0.107683212,0.011657437,0.554612041,
-0.125792846,0.045487583,0.627750576,
0.036979869,0.032746684,0.519771636,
0.034348253,0.042925987,0.493963122,
0.034098465,0.042121235,0.499518633,
-0.091004886,0.025803646,0.860198379,
-0.013027735,0.047625344,0.258808851,
0.029715814,0.077339441,0.478993505,
0.015198357,0.055042718,0.559399426,
-0.114424072,0.069645405,0.672825158,
-0.129847080,0.047119483,0.642122388,
-0.085457422,0.084303193,0.489641935,
-0.091899909,-0.044112049,0.726561666,
-0.108153485,-0.038265277,0.702557504,
-0.133653119,0.058962598,0.744766593,
-0.066152625,0.156651080,0.810020089,
-0.072037563,-0.011177666,0.840948999,
0.023685468,0.072049335,0.505739868,
-0.121846773,0.079996385,0.710975766,
-0.026575958,0.112199545,0.532980204,
-0.128537357,0.131533802,0.939820945,
-0.087872237,0.168043420,0.975508690,
-0.065778792,0.037152495,0.870762944,
-0.057557248,0.074740447,0.898856223,
-0.125066802,0.026765103,0.831838369,
-0.043480419,0.126167759,0.653714776,
-0.076182209,0.024294203,0.781491637,
-0.047309775,0.009733031,0.666667163,
-0.039151981,0.107889332,0.952831447,
-0.114872336,0.059693284,0.868759215,
-0.040929526,0.120585717,0.626753807,
-0.133188501,0.058577497,0.742591918,
-0.107209183,0.089956969,0.937773943,
-0.091560975,0.040056720,0.877466142,
-0.120071508,-0.033383135,0.762628496,
-0.144462481,0.061601456,0.880595326,
0.043893959,0.057636172,0.502897203,
-0.124439187,0.043727160,0.602100551,
-0.105834551,0.101639897,0.924979746,
-0.084990762,0.101488553,0.484869778,
-0.152887449,0.152534157,0.930088282,
-0.063225918,0.070683993,0.847794831,
-0.072136387,0.162064865,0.851288259,
0.007114588,0.057299700,0.552609563,
-0.007101431,0.028581792,0.528831899,
-0.048025560,0.094181761,0.472093135,
-0.108610064,0.079737000,0.614486933,
-0.116208479,0.037654303,0.897770584,
-0.057702456,0.057605989,0.905259907,
-0.092995115,0.089930169,0.845085979,
-0.071287856,0.116860241,0.987876832,
-0.031252734,0.100419484,0.487712115,
-0.143546924,0.119593933,0.912539244,
-0.156389982,0.170205995,0.981945336,
0.015107524,-0.031266168,0.535014629,
0.031667553,0.070036002,0.447787613,
-0.060152259,-0.018020799,0.618770838,
0.045289643,0.059685327,0.513242662,
-0.104471229,0.032618444,0.868779480,
-0.099494286,0.149367169,0.752462029,
-0.148449436,0.148201436,0.920603454,
-0.119500674,0.027317114,0.662890732,
-0.091160022,0.138763174,0.706717610,
-0.099278145,0.149659336,0.751290441,
-0.050646339,0.134525061,0.655866802,
-0.049442906,0.128995433,0.654019535,
-0.095104046,0.143294796,0.728384793,
-0.107199483,0.086770482,0.938548267,
-0.082067534,0.033951931,0.885529339,
-0.147764042,0.138993666,0.953543782,
-0.061131667,0.064715743,0.920264244,
-0.098025925,0.099007823,0.934254527,
0.034242950,0.042109668,0.527354956,
-0.072756357,0.156847224,0.826509893,
-0.104854807,0.044697709,0.878561556,
-0.098295115,0.161204487,0.937020779,
-0.005535073,0.076378450,0.592489064,
-0.092654698,0.181446105,0.967712283,
-0.063640311,0.033820156,0.769796968,
-0.062806197,0.104492918,0.924665391,
-0.062199827,0.105148084,0.927221239,
-0.081702717,0.131945476,0.982472360,
-0.080915391,-0.038251888,0.744618952,
0.023745015,-0.004746976,0.510067344,
-0.138785481,0.137500271,0.945034802,
0.036306612,-0.026516283,0.495757043,
0.037202362,0.047558632,0.515572727,
-0.036930237,-0.023316223,0.601235747,
0.032689422,-0.029879570,0.477963895,
-0.009525035,0.058924019,0.600767136,
-0.115004912,0.006778886,0.817847192,
-0.117410943,0.077635750,0.899826050,
-0.107990317,0.061922394,0.553861260,
-0.084073655,0.115997680,0.954559565,
-0.083671778,0.102511041,0.728888631,
-0.093486890,0.006559996,0.674677789,
0.003007081,0.009682961,0.246199280,
-0.099134535,0.049087632,0.446159005,
-0.028949689,0.109183259,0.512429178,
-0.085248590,0.099193588,0.472991914,
0.008008570,0.067729801,0.598726749,
-0.126703769,0.066709340,0.836387515,
0.034035563,0.063900903,0.578717291,
-0.113445751,0.035772905,0.480892867,
0.013292495,-0.040369403,0.534256458,
0.052833252,-0.021827824,0.429536104,
-0.046813626,0.062335972,0.690432727,
-0.049336240,0.053055041,0.625369370,
-0.103831314,0.050675560,0.858488441,
-0.137589008,0.059814449,0.978372514,
-0.110900030,0.051720247,0.860370934,
-0.097434171,0.041131981,0.883946598,
-0.116643332,0.128032163,0.980133116,
-0.022839563,0.103015907,0.508546293,
0.032775603,0.041068390,0.476784855,
-0.111245193,0.127848163,1.006100774,
-0.136943310,0.136887819,0.976673424,
-0.133620128,0.020773722,0.681142151,
-0.107169896,0.134146094,0.984200537,
-0.121002749,0.145378664,0.998052299,
-0.117680393,0.043001570,0.862657607,
-0.070523210,0.157816768,1.022575736,
-0.111730032,0.070357472,0.879137874,
-0.016086157,0.102434896,0.604256332,
-0.083885841,0.126547650,1.003805399,
-0.040099479,0.119766243,0.604658961,
-0.133398488,0.164354429,0.970378220,
-0.068716861,0.079430699,0.923019648,
-0.077043809,0.074942738,0.887346148,
-0.044683315,0.126776457,0.628760755,
-0.111979835,0.046108369,0.843533516,
-0.147212386,0.146273404,0.900000513,
-0.152532682,0.157539383,0.948145270,
-0.150661781,0.137527078,0.910949349,
-0.131645426,0.163364053,0.940987885,
-0.099539101,0.101446643,0.812368810,
-0.131380260,0.147269115,1.002143502,
-0.111002751,0.041497428,0.880894840,
-0.118334062,0.110171206,0.910865188,
-0.049354598,0.105206013,0.917853236,
-0.135648191,0.138598382,0.894110799,
-0.084291659,0.119357713,0.979897380,
-0.084992245,0.154615030,1.185204625,
-0.087798841,0.130725816,0.991457760,
-0.112156294,0.070349686,0.862003922,
-0.125780851,0.027027309,0.837496698,
-0.118263923,0.040091671,0.874031305,
0.004136082,0.042472064,0.241968781,
0.033838302,0.029632488,0.526373982,
0.050571512,0.022755088,0.281986654,
-0.126984775,0.075740106,0.827306390,
0.065241322,0.021508634,0.410405189,
-0.127667829,-0.072342344,0.767007351,
0.037140150,0.023250734,0.515876651,
-0.023035003,0.039682060,0.715457082,
-0.146513671,0.013531511,0.712186456,
0.036036897,0.029900977,0.537001252,
0.003717277,0.019368069,0.166733444,
0.044269294,0.026038788,0.203894451,
0.040432889,0.016967898,0.234470621,
-0.117431879,0.047816355,0.497239828,
-0.113750495,-0.017690351,0.777679920,
-0.055165458,0.099782370,0.878948092,
0.002837472,-0.003156397,0.306633711,
-0.071338564,0.121482730,0.961385071,
-0.139424101,0.140623674,0.958118856,
0.174041495,0.013579590,1.863677740,
0.068633169,0.005298227,0.570869923,
0.067698538,-0.009589914,0.621832311,
-0.117087960,-0.009914980,0.815936804,
0.060811352,0.006548118,0.423960477,
-0.144962609,0.100225888,0.837408543,
0.000393020,0.017981241,0.188302219,
-0.075929977,0.009924104,0.705652297,
-0.110572234,-0.023132354,0.767131209,
-0.117586859,-0.054289505,0.790857553,
0.002780625,0.106410883,0.494733363,
-0.001668663,0.084230103,0.389479637,
-0.037198011,0.113178566,0.459033072,
-0.119237013,0.082699105,0.907117903,
-0.134928003,0.142549291,0.982359886,
0.037330799,0.029625010,0.537735760,
-0.099611647,0.096176058,0.920749962,
-0.294193387,-0.100841716,1.682335019,
0.050055407,-0.012406787,0.437320828,
-0.105972014,0.127581745,0.967817307,
0.003347714,0.076322243,0.620870471,
-0.101352893,0.097481117,0.561112821,
-0.136404753,0.162102342,0.924812078,
-0.116562732,0.073625609,0.586625636,
-0.096998475,0.138719186,0.964629412,
0.003693310,-0.008289207,0.569320142,
-0.112731881,0.040590569,0.847998679,
-0.127674907,0.041742496,0.934877336,
-0.109789610,0.117107183,0.879497111,
-0.036731176,0.143456966,0.865285337,
-0.086610883,0.168866843,0.964391947,
-0.084614597,0.174297094,0.988124549,
0.057067752,0.059652042,0.503078282,
-0.135027304,-0.002045115,0.900925696,
-0.097614802,0.172660232,0.971415520,
-0.084817573,0.153776646,0.936816394,
-0.056771673,0.128338650,0.947075546,
-0.057056379,0.128284886,0.946031630,
-0.113069713,0.043570001,0.857261062,
-0.086168878,0.155412808,0.923158228,
-0.090646319,0.174601644,0.989301145,
-0.077308968,0.124055557,0.982825875,
-0.049432721,0.063582301,0.799152672,
-0.079420634,0.194599330,0.957991719,
-0.110271953,0.054604854,0.829903901,
-0.132029727,0.139337748,0.964726329,
0.001585161,0.059833027,0.553601205,
0.045133002,0.006405354,0.466985971,
-0.050817020,-0.022036659,0.700515628,
-0.102790087,0.027161436,0.576425672,
-0.025614962,-0.009436164,0.498405397,
-0.059737835,0.103586897,0.919861853,
-0.012857102,0.095291883,0.607454121,
0.003141313,0.066613458,0.557465494,
0.031937413,0.037592154,0.372703373,
-0.057191897,0.129215747,0.957787037,
-0.022644734,-0.016256688,0.558171391,
0.032047875,0.002501867,0.613260567,
-0.018198723,-0.050300915,0.618057430,
0.029870756,-0.037545390,0.480761617,
-0.091475196,0.148615658,0.976448417,
-0.099478967,0.150711387,0.836230993,
-0.055877257,0.055983156,0.738781393,
-0.121662080,0.043063190,0.884043276,
-0.077026069,0.123551965,0.982385635,
-0.135756657,0.138486385,0.998352826,
-0.085365996,0.027927276,0.705373406,
-0.111830205,0.015332693,0.848313630,
-0.116957255,0.088713288,0.904187024,
-0.066390038,0.077166416,0.951551557,
-0.115722746,0.130924612,1.010043859,
-0.123444483,0.038770784,0.869073927,
-0.083365783,0.021380324,0.902326643,
-0.103991628,0.044408016,0.872067988,
-0.080340967,0.082963601,0.944302619,
-0.081747293,0.109666042,1.276006937,
-0.082594730,0.136245817,0.966020286,
-0.081021525,0.133033454,0.953457355,
-0.051448669,0.069363900,0.765949309,
-0.114921927,0.042206198,0.891306400,
-0.121296644,0.039002005,0.863369524,
0.038268831,0.049541429,0.529362142,
-0.160667762,-0.056516167,0.995436907,
-0.020877494,0.030146312,0.625660956,
0.014758726,-0.013329880,0.422470897,
-0.130090266,0.038233254,0.900006831,
-0.137658820,0.151902586,0.891007304,
-0.067149259,0.078257173,0.903436244,
-0.093866721,0.110803753,0.587242126,
-0.098535880,0.046592776,0.813326359,
-0.089590497,0.158588424,0.921756148,
-0.049759075,0.110805042,0.955716133,
-0.088540345,0.134339958,0.691822469,
-0.145057768,0.142522693,0.917638600,
-0.105410114,0.040138729,0.878474057,
-0.115800314,0.033812899,0.872174382,
-0.114081651,0.080574170,0.878725052,
0.046706155,0.022037905,0.483521581,
-0.077660121,0.076277331,0.905323744,
0.004605589,0.001316630,0.214801207,
0.009345650,-0.040913530,0.568290412,
-0.120197773,0.057559915,0.911752522,
-0.025550082,0.116783932,0.516039133,
0.034379974,-0.022397710,0.467328340,
-0.132980928,0.169466764,0.932290614,
-0.108284548,0.040485181,0.893378794,
-0.094431169,0.154891536,1.003783107,
-0.076630622,0.129670367,0.984815776,
-0.119060159,0.072878182,0.915444851,
0.002261871,0.040122788,0.567047417,
-0.113752268,0.102023646,0.580673873,
-0.022542927,0.084084272,0.438671768,
-0.114328340,-0.009121445,0.799179316,
-0.133308187,0.011737945,0.771334112,
-0.047391243,0.061093446,0.792240143,
-0.126051858,0.064122647,0.921498001,
-0.111916371,0.037865639,0.876061440,
-0.113459393,0.013523419,0.828176498,
-0.115964040,0.004068292,0.790968835,
0.030047070,0.076917969,0.576429129,
-0.076354071,0.128430456,0.981886387,
0.048568506,0.016747970,0.462192267,
0.047789715,0.016589245,0.458046287,
-0.060990315,0.019606426,0.723590910,
-0.001766789,0.019550618,0.578311503,
-0.014425698,0.031432003,0.657031417,
-0.106705740,0.030102834,0.872051895,
-0.036159415,-0.002563529,0.602547586,
-0.122877724,0.091694318,0.598644376,
0.074194804,0.055207331,0.533570111,
-0.070515543,0.074455537,0.865584254,
-0.140697941,0.129745245,0.889824927,
-0.060182910,0.073770985,0.896039128,
-0.088641405,0.029940287,0.880617142,
-0.072163098,0.024372475,0.835033000,
-0.108374029,0.076179683,0.892481983,
-0.111623317,0.037501305,0.876299381,
-0.101399101,0.111145742,0.860274374,
-0.099171154,0.168819934,0.958114505,
0.051731955,0.034674782,0.423135161,
0.048769630,0.007236582,0.493768662,
-0.071246132,0.027304847,0.806915879,
-0.040281814,0.018058140,0.711193383,
0.002977155,0.035088513,0.585625589,
-0.077535428,0.136323154,0.695633888,
-0.104576036,0.075618610,0.583228469,
-0.100926392,0.098499723,0.492154747,
-0.090713054,0.088771403,0.459555417,
0.015921105,0.010907766,0.254004121,
-0.002982841,0.007972199,0.204088703,
-0.012548332,-0.016426144,0.491498083,
-0.028315708,0.109919861,0.515060842,
-0.022156456,-0.005203180,0.531870306,
0.003068364,0.070450783,0.592130005,
0.030431781,0.051606622,0.540459216,
-0.091274172,0.093964927,0.890861452,
-0.141348675,0.193655670,1.017265439,
-0.016714126,0.089178063,0.529936314,
-0.062558629,0.101012975,0.487244159,
-0.069207780,0.158711970,0.806106389,
-0.056417145,0.107824907,0.514143109,
-0.023563486,0.109143935,0.529290020,
-0.114658013,0.106599256,0.633131802,
-0.083722271,0.034880269,0.694116890,
-0.106926464,0.099753581,0.601387382,
-0.115967974,0.048624601,0.881054223,
-0.110783882,0.015950672,0.836603522,
-0.129918620,0.156566814,0.952812433,
0.018430643,0.052406903,0.527171433,
-0.071952842,0.117572077,0.533960700,
-0.073456824,0.120902233,0.545728803,
-0.121830791,0.112156913,0.658718288,
0.051732153,-0.013441302,0.451397419,
-0.031005524,-0.046899285,0.536603034,
-0.024356041,0.014933936,0.640836656,
-0.032560423,0.043150175,0.747605383,
-0.037515268,-0.038481645,0.623170197,
0.008669655,0.071765117,0.589557290,
-0.051208831,0.028239539,0.747148275,
0.069637164,-0.049175467,0.847000182,
-0.061083719,0.010973873,0.731011569,
-0.087118782,0.151197314,0.980638981,
0.049994480,0.057113733,0.412495583,
-0.127844572,0.040587734,0.723598480,
-0.101319000,0.166483760,0.960270047,
0.020728873,0.056201141,0.545865953,
-0.096234769,0.092578061,0.877297282,
0.040379085,-0.010988801,0.479641289,
0.023081198,0.058821965,0.488023818,
-0.125478491,0.112922840,0.944965363,
0.017690079,-0.011036117,0.498888761,
0.031193726,0.015484801,0.519966364,
-0.166387811,0.043571278,0.761343002,
0.012353959,0.053660858,0.520009160,
-0.108503550,0.038398348,0.806961358,
0.059659265,0.042076237,0.466892540,
0.050006770,0.023397645,0.485036135,
0.053116668,0.037071828,0.462756395,
0.062820368,0.037807070,0.447736114,
-0.010421263,-0.024954582,0.581812203,
-0.007531172,0.064847365,0.612579525,
0.049384117,0.033136699,0.440469235,
0.070051461,0.036101036,0.449384898,
0.070679747,0.043811917,0.485993207,
-0.080976605,0.032729920,0.470570415,
-0.118978076,0.072313033,0.594666600,
-0.071481392,0.169831932,0.860150933,
-0.062783659,0.017869499,0.757563114,
-0.044543080,0.006373116,0.593467057,
-0.136920765,0.147328392,0.975706697,
-0.118543334,0.072885096,0.592757046,
0.036396634,0.023441100,0.528088868,
-0.122690752,-0.003609885,0.816995025,
0.015447868,0.029923160,0.542642415,
-0.027030539,0.113725051,0.536583900,
0.034061402,0.043000221,0.491272986,
0.024546597,0.072120078,0.538728535,
0.024145497,0.001190251,0.491190672,
-0.081000313,-0.000208377,0.785992920,
0.031856526,0.057470251,0.545346260,
0.027626859,0.011082876,0.492942750,
0.031497322,0.049537435,0.529380083,
-0.132767558,0.012013373,0.770829499,
-0.098008014,0.059426524,0.771411896,
-0.059662845,0.044028062,0.772642672,
-0.132327452,0.021640474,0.677982986,
-0.132249445,0.021480452,0.677857757,
-0.044431265,0.129208863,0.664927065,
-0.088941589,0.104232639,0.496468216,
-0.056199722,0.107833795,0.514926314,
-0.120474502,-0.024172023,0.780309081,
-0.095066912,-0.031513490,0.864864886,
0.028704494,0.076723002,0.462066680,
0.031557854,0.015652440,0.507549107,
0.069338478,0.031617962,0.428312182,
0.064432755,0.029292073,0.410325706,
-0.114783958,0.032231972,0.588320076,
-0.142913148,0.014404215,0.656224608,
-0.045133151,0.111021861,0.479910105,
-0.099209078,0.100119494,0.482706904,
-0.104054920,0.035704359,0.462954998,
-0.063691899,0.018109970,0.345531851,
-0.020167589,0.021206021,0.666831851,
0.008887824,0.071660094,0.584776282,
-0.009689701,0.001647499,0.607776403,
-0.028126294,0.008125762,0.658632040,
-0.025016317,0.009885413,0.591046035,
-0.013488838,-0.016895117,0.295655191,
0.057991095,-0.030738244,0.392647862,
0.051529203,0.023340981,0.763527095,
-0.127621815,0.023011670,0.622556090,
-0.114393950,0.059129559,0.567621291,
-0.122593842,0.052600428,0.889890373,
0.001387100,0.074353486,0.543140471,
-0.029234739,-0.040416408,0.553045154,
-0.104259811,0.103282601,0.527121782,
-0.088211626,0.093153730,0.473405629,
-0.107158162,0.036803775,0.471806228,
-0.102434009,0.053562801,0.477425456,
0.020775961,0.013184872,0.295458227,
0.004555538,0.017209901,0.188153341,
0.002028110,0.013259427,0.177385211,
-0.000962782,0.018532444,0.190232441,
0.018959951,0.081560805,0.463895172,
-0.044149820,0.125208959,0.511409938,
-0.084490381,0.113599658,0.567583203,
0.005454380,0.018096609,0.209770679,
0.047114253,0.018962849,0.479771167,
-0.005326663,0.001362701,0.576351643,
-0.123975940,0.149687693,0.914493382,
0.014995426,0.014966195,0.246503532,
0.020776063,0.070003659,0.417688131,
-0.032157194,0.084882081,0.361524969,
0.037957646,0.072853357,0.482534081,
0.012360861,0.022238260,0.212398455,
-0.140485346,0.092729293,0.832777262,
0.029838715,0.021197626,0.535117388,
-0.041620243,0.121725447,0.608445168,
-0.126216263,0.070161991,0.616254747,
-0.086937323,0.162504613,0.956204534,
0.036720801,0.055886876,0.527506709,
0.048642159,0.011967362,0.485979766,
0.016287593,0.062893800,0.559837401,
0.051468410,0.052204147,0.462760299,
0.015630435,0.060069159,0.545554459,
-0.008376472,-0.003553675,0.456188023,
-0.103044227,0.015926307,0.495512396,
-0.128486887,0.058769062,0.612141311,
-0.130567625,0.011566028,0.762307107,
-0.083927095,0.036794808,0.403633505,
-0.091101483,0.010630073,0.791164041,
-0.083633475,0.057950485,0.410663068,
-0.034546845,0.111418165,0.520400226,
-0.099443339,0.034652840,0.450101972,
-0.128807262,0.101981662,0.637967706,
0.048150640,0.022350093,0.503275275,
0.014176565,0.114441700,0.593010962,
-0.059782609,0.120623223,0.712697804,
0.014257456,0.159928545,0.788295805,
0.015135605,-0.022229519,0.305830538,
0.019220166,-0.009311046,0.327640384,
-0.005618265,-0.009156531,0.207535207,
0.048915897,0.063491486,0.425521314,
-0.014116893,0.067400664,0.597871602,
0.008578775,-0.021810068,0.298002899,
0.057377219,-0.012324564,0.427146345,
-0.013550613,-0.049464121,0.594887137,
0.149681821,-0.057021350,2.335331202,
-0.001902436,-0.013648625,0.592856407,
0.037410554,0.057194106,0.539617836,
-0.065483980,0.111328050,0.469160646,
-0.000106812,0.116403930,0.510212481,
0.271171272,0.263582438,2.506948233,
0.070325665,0.123458125,0.913405418,
-0.095158339,0.028729558,0.861169100,
-0.086522140,0.088620886,0.449459791,
-0.031317446,0.114137493,0.529731393,
-0.065010346,0.020525998,0.347031325,
-0.094789997,0.014596309,0.451151460,
-0.103298418,0.035514131,0.461940914,
-0.147206828,0.138576522,0.882787526,
-0.076479629,0.040108565,0.649805844,
0.021828171,0.040282927,0.327461362,
0.029055832,-0.003529910,0.384284168,
-0.082274735,0.035756178,0.780633152,
-0.022092106,0.001906815,0.565123618,
0.028480392,0.078269050,0.593667865,
-0.009639440,0.035920117,0.565869391,
0.053851813,0.027864454,0.486227512,
0.001819111,-0.021855226,0.371741354,
0.002500653,0.062338170,0.555468380,
-0.025262110,0.022358939,0.663737357,
-0.175366923,0.028678289,0.754476726,
-0.115109295,-0.015128633,0.827956617,
-0.089112014,-0.040973686,0.816517174,
-0.090594053,0.122059941,0.998358369,
-0.063366845,-0.025105929,0.708593309,
-0.078383364,0.107591204,0.494736224,
-0.076512113,0.180425465,0.890344262,
-0.132937521,0.009817692,0.676034331,
-0.083115466,0.044442501,0.699004829,
-0.065137811,0.029432973,0.739208758,
0.013533388,0.075594075,0.398634791,
0.086871818,0.014138082,0.725910306,
0.068634860,-0.022400444,0.709017694,
-0.102960773,0.099805221,0.698653221,
-0.109278142,0.041626975,0.898878932,
-0.084829807,-0.038515087,0.689003468,
0.059510477,-0.052506808,0.747860134,
0.057301510,-0.002702585,0.423079014,
-0.028557776,0.013798188,0.640762329,
-0.027542245,0.008247799,0.627931058,
-0.019580344,-0.023609709,0.612730861,
0.060863398,0.005703997,0.447154552,
-0.001818364,-0.059809364,0.587391555,
-0.002726727,0.000119788,0.231565341,
0.034578025,0.025675066,0.543139219,
0.057852853,-0.030692397,0.392110765,
-0.026288869,-0.029200315,0.619763136,
0.003671375,-0.027929194,0.384425908,
0.026967134,-0.011873578,0.534394085,
0.002746640,-0.021430504,0.589453399,
0.064186327,-0.013345918,0.376248896,
-0.032775912,-0.012714704,0.622464955,
0.013655222,0.014530147,0.169738218,
0.082554504,-0.040167313,1.134729981,
